{
  "btc": 69045,
  "eth": 4878.26,
  "usdt": 1.32,
  "bnb": 686.31,
  "usdc": 1.17,
  "xrp": 3.4,
  "busd": 1.15,
  "ada": 3.09,
  "sol": 259.96,
  "doge": 0.731578,
  "dot": 54.98,
  "shib": 8.616e-05,
  "dai": 1.22,
  "matic": 2.92,
  "steth": 4829.57,
  "trx": 0.231673,
  "avax": 144.96,
  "uni": 44.92,
  "wbtc": 70643,
  "okb": 44.01,
  "leo": 8.14,
  "ltc": 410.26,
  "atom": 44.45,
  "etc": 167.09,
  "link": 52.7,
  "ftt": 84.18,
  "xlm": 0.875563,
  "near": 20.44,
  "cro": 0.965407,
  "xmr": 542.33,
  "algo": 3.56,
  "bch": 3785.82,
  "lunc": 119.18,
  "qnt": 427.42,
  "flow": 42.4,
  "vet": 0.280991,
  "ape": 26.7,
  "fil": 236.84,
  "icp": 700.65,
  "xcn": 0.184139,
  "hbar": 0.569229,
  "frax": 1.14,
  "egld": 545.64,
  "xtz": 9.12,
  "sand": 8.4,
  "mana": 5.85,
  "eos": 22.71,
  "chz": 0.878633,
  "axs": 164.9,
  "aave": 661.69,
  "theta": 15.72,
  "ldo": 7.3,
  "cusdc": 0.058843,
  "bsv": 489.75,
  "usdp": 1.13,
  "kcs": 28.83,
  "tusd": 1.62,
  "xec": 0.00038001,
  "usdd": 1.03,
  "miota": 5.25,
  "mkr": 6292.31,
  "grt": 2.84,
  "btt": 3.43e-06,
  "zec": 3191.93,
  "tkx": 12.87,
  "hnt": 54.88,
  "cake": 43.96,
  "gt": 12.94,
  "neo": 198.38,
  "cdai": 0.03159087,
  "klay": 4.34,
  "xrd": 0.651264,
  "cel": 8.05,
  "ftm": 3.46,
  "snx": 28.53,
  "ceth": 97.75,
  "ht": 39.66,
  "bit": 3.1,
  "paxg": 2241.37,
  "nexo": 4.07,
  "osmo": 11.25,
  "rune": 20.87,
  "ar": 89.24,
  "zil": 0.255376,
  "rpl": 59.46,
  "dash": 1493.59,
  "bat": 1.9,
  "enj": 4.82,
  "evmos": 6.84,
  "kava": 9.12,
  "stx": 3.39,
  "xdc": 0.192754,
  "luna": 18.87,
  "xaut": 2096.29,
  "dfi": 5.61,
  "rvn": 0.285218,
  "ens": 83.4,
  "mina": 9.09,
  "comp": 910.54,
  "rsr": 0.117424,
  "amp": 0.120813,
  "ksm": 621.71,
  "waves": 61.3,
  "twt": 1.64,
  "dcr": 247.35,
  "gmt": 4.11,
  "cusdt": 0.02401572,
  "xem": 1.87,
  "lrc": 3.75,
  "cvx": 60.09,
  "celo": 9.82,
  "btg": 456.25,
  "hot": 0.03126682,
  "omi": 0.01343572,
  "crv": 15.37,
  "1inch": 8.65,
  "mex": 0.00100138,
  "gmx": 62.1,
  "gusd": 3.3,
  "cspr": 1.33,
  "gno": 644.2,
  "gala": 0.824837,
  "fxs": 42.8,
  "tfuel": 0.68159,
  "ustc": 1.092,
  "rose": 0.597347,
  "qtum": 100.22,
  "nxm": 185.97,
  "srm": 13.78,
  "iost": 0.129829,
  "iotx": 0.255593,
  "kda": 27.64,
  "safemoon": 1.094e-05,
  "ohm": 1415.26,
  "glm": 1.32,
  "yfi": 90787,
  "hbtc": 166135,
  "msol": 3541.84,
  "ankr": 0.213513,
  "brise": 1.84e-06,
  "lpt": 99.03,
  "okt": 250.53,
  "cvxcrv": 6.48,
  "one": 0.37902,
  "omg": 25.62,
  "10set": 6.48,
  "flux": 3.33,
  "syn": 4.92,
  "juno": 45.74,
  "poly": 1.59,
  "zrx": 2.5,
  "elg": 3.61,
  "babydoge": 6.345e-09,
  "jst": 0.193254,
  "dag": 0.451761,
  "sushi": 23.38,
  "icx": 13.16,
  "mim": 1.041,
  "eurt": 1.31,
  "ont": 10.92,
  "reth": 4814.31,
  "mc": 11.7,
  "nu": 2.61,
  "tama": 0.194446,
  "bal": 74.45,
  "waxp": 2.77,
  "op": 2.21,
  "ln": 345.88,
  "hive": 3.41,
  "imx": 9.52,
  "glmr": 19.5,
  "zen": 165.92,
  "audio": 4.95,
  "sc": 0.092868,
  "xcm": 0.923577,
  "sxp": 5.79,
  "chsb": 1.64,
  "xch": 1645.12,
  "alusd": 2.13,
  "lusd": 1.16,
  "scrt": 10.38,
  "erg": 29.58,
  "sgb": 0.71334,
  "ewt": 22.67,
  "mxc": 0.133537,
  "woo": 1.78,
  "sfm": 0.00338272,
  "dao": 8.71,
  "vgx": 12.47,
  "dydx": 27.86,
  "deso": 198.68,
  "vvs": 0.00033093,
  "uma": 41.56,
  "skl": 1.22,
  "pla": 3.74,
  "rndr": 8.78,
  "dgb": 0.178084,
  "nft": 7.53e-06,
  "cet": 0.150293,
  "inj": 24.89,
  "lsk": 34.92,
  "stsol": 263.24,
  "elon": 2.59e-06,
  "astr": 0.421574,
  "coti": 0.668634,
  "rbn": 5.54,
  "slp": 0.399727,
  "vlx": 0.568966,
  "fx": 2.2,
  "ckb": 0.04370633,
  "ren": 1.8,
  "pundix": 10.07,
  "usdn": 2.52,
  "eurs": 1.44,
  "ceek": 1.19,
  "coc": 2.37e-06,
  "looks": 7.1,
  "kiro": 0.683398,
  "knc": 5.7,
  "bcn": 0.145166,
  "kub": 17.24,
  "people": 0.185022,
  "tsuka": 0.154635,
  "api3": 10.3,
  "sys": 1.3,
  "mpl": 68.2,
  "snt": 0.684918,
  "metis": 323.54,
  "pltc": 1.39,
  "xno": 33.69,
  "usdx": 5.13,
  "med": 0.351852,
  "spell": 0.03506357,
  "orbs": 0.360443,
  "uqc": 34.02,
  "prom": 105.94,
  "cvc": 1.35,
  "mbox": 15.44,
  "plt": 20.6,
  "aca": 2.79,
  "temple": 3.35,
  "mvl": 0.06973,
  "titan": 9.56,
  "boba": 7.93,
  "tribe": 2.45,
  "reef": 0.05746,
  "wcfg": 2.55,
  "win": 0.00289424,
  "pyr": 49.24,
  "btse": 9.21,
  "alice": 40.93,
  "cfg": 15.98,
  "ardr": 2.04,
  "gal": 33.63,
  "raca": 0.01191986,
  "nest": 0.237647,
  "uos": 2.49,
  "rlc": 15.51,
  "wrx": 5.88,
  "exrd": 0.660211,
  "c98": 6.42,
  "mx": 3.7,
  "kuji": 4.87,
  "chr": 1.49,
  "dent": 0.1006,
  "ctsi": 1.74,
  "veri": 465.93,
  "celr": 0.194843,
  "pokt": 3.11,
  "nmr": 93.15,
  "rad": 27.61,
  "cfx": 1.7,
  "steem": 8.19,
  "bone": 15.5,
  "savax": 103.55,
  "fold": 103.27,
  "dka": 0.703797,
  "asd": 3.26,
  "xyo": 0.081391,
  "bsw": 2.1,
  "seth2": 4821.87,
  "powr": 1.89,
  "bnt": 10.72,
  "bico": 21.45,
  "xprt": 16.59,
  "req": 1.059,
  "ssv": 28.68,
  "cdt": 0.291495,
  "hxro": 0.800981,
  "ray": 16.83,
  "magic": 6.32,
  "gfarm2": 4940.85,
  "husd": 1.25,
  "tel": 0.064483,
  "keep": 6.1,
  "plex": 2.45,
  "flexusd": 1.031,
  "sweat": 0.091476,
  "del": 2.76,
  "vtho": 0.04671227,
  "arrr": 16.76,
  "fun": 0.191066,
  "nrv": 6.65,
  "aurora": 35.4,
  "bdx": 137242055,
  "mlk": 3.59,
  "euroc": 1.11,
  "ogn": 3.35,
  "emaid": 1.37,
  "joe": 5.09,
  "ctk": 3.94,
  "xsushi": 26.33,
  "tlm": 7.16,
  "sfund": 16.79,
  "floki": 0.00033651,
  "xvs": 146.82,
  "ilv": 1911.26,
  "rly": 1.4,
  "strax": 22.77,
  "aethc": 4733.13,
  "qkc": 0.338765,
  "lyxe": 41.18,
  "stg": 4.27,
  "susd": 2.45,
  "ton": 30.51,
  "kilt": 9.8,
  "multi": 33.64,
  "dock": 0.241848,
  "stpt": 0.270085,
  "shr": 0.098334,
  "ant": 14.64,
  "mtl": 17.03,
  "ever": 2.56,
  "eul": 12.78,
  "pcx": 17.54,
  "stmx": 0.165032,
  "santos": 22.34,
  "ocean": 1.93,
  "bitci": 0.120568,
  "ygg": 11.17,
  "bfc": 0.778815,
  "sure": 0.11397,
  "trac": 3.5,
  "fidu": 1.065,
  "itamcube": 0.901454,
  "ads": 5.72,
  "storj": 3.81,
  "ark": 10.22,
  "renbtc": 68977,
  "rev": 3.85,
  "gns": 4.92,
  "btcst": 91.94,
  "beta": 3.45,
  "movr": 494.26,
  "ctc": 8.67,
  "lqty": 146.94,
  "saitama": 0.00433786,
  "elf": 2.6,
  "nkn": 1.44,
  "ride": 2.5,
  "sx": 0.988804,
  "utk": 1.18,
  "xido": 481.05,
  "hez": 10.3,
  "fei": 1.11,
  "tcr": 0.797659,
  "badger": 89.08,
  "oxt": 1.026,
  "iq": 0.072382,
  "ach": 0.198666,
  "ccd": 0.149407,
  "dawn": 9.63,
  "mdx": 10.11,
  "dodo": 8.38,
  "fet": 1.17,
  "mask": 41.45,
  "core": 19269.52,
  "mtrg": 16.47,
  "strk": 105.33,
  "wozx": 3.66,
  "efi": 3.15,
  "xvg": 0.261874,
  "sun": 66.45,
  "h2o": 1.41,
  "meta": 0.452667,
  "rep": 341.85,
  "bor": 68175,
  "divi": 0.183363,
  "etn": 0.207854,
  "xsgd": 1.36,
  "rif": 0.455938,
  "alpha": 2.93,
  "agix": 0.95023,
  "xmon": 86227,
  "aergo": 0.572482,
  "wmt": 0.979732,
  "talk": 3.6,
  "band": 22.83,
  "ghst": 3.08,
  "dusk": 1.09,
  "bond": 185.69,
  "auction": 70.44,
  "ufo": 5.569e-05,
  "cusd": 1.14,
  "mimatic": 1.35,
  "tlos": 1.43,
  "phb": 2.5,
  "koda": 0.00223929,
  "ern": 73.86,
  "dero": 27.29,
  "nxs": 13.75,
  "bake": 8.38,
  "nebl": 49.25,
  "fer": 0.126073,
  "dpx": 4215.41,
  "ampl": 4.07,
  "fwt": 0.03172175,
  "pols": 7.51,
  "flm": 1.59,
  "tt": 0.052424,
  "cbat": 0.247355,
  "mft": 0.03490552,
  "tru": 1.017,
  "wnxm": 130.82,
  "mngo": 0.498845,
  "xcad": 9.06,
  "alpaca": 8.78,
  "ibeur": 1.77,
  "dola": 1.87,
  "blid": 0.02527546,
  "sofi": 2.86,
  "akt": 8.07,
  "b2m": 0.300665,
  "kp3r": 1995.53,
  "ata": 2.36,
  "dome": 0.094188,
  "axn": 0.00075619,
  "loomold": 0.772485,
  "ama": 1.53,
  "zpay": 1.79,
  "klv": 0.166705,
  "usdk": 1.11,
  "zz": 3.66,
  "pond": 0.323362,
  "kishu": 1.7547e-08,
  "time": 10063.72,
  "zig": 0.224179,
  "idex": 0.937763,
  "zcx": 7.03,
  "cweb": 0.661693,
  "ousd": 7.46,
  "qrdo": 9.81,
  "quack": 1.5463e-08,
  "alpine": 11.29,
  "vra": 0.086208,
  "kunci": 0.932116,
  "forth": 180.47,
  "tomo": 3.88,
  "sfp": 4.19,
  "hunt": 1.46,
  "perp": 24.4,
  "cocos": 5.44,